,0,stitch_name,predicted_count,true_count,absolute_error
6,7,388808488,75.88340592384337,83,7.11659407615663
1,2,390808489,73.7630307674408,83,9.236969232559204
0,1,390808488,72.2043011188507,83,10.795698881149306
5,6,390808487,71.3242693543434,83,11.6757306456566
4,5,388807487,71.0206891298294,83,11.979310870170593
2,3,388807488,66.94858992099762,83,16.05141007900238
3,4,389808488,62.64589062333107,83,20.35410937666893
