,0,stitch_name,predicted_count,true_count,absolute_error
0,1,400818498,98.68825072050095,83,15.688250720500946
3,4,399818498,98.87296205759048,83,15.872962057590485
2,3,398817499,104.17254316806792,83,21.172543168067918
1,2,399817498,105.47118991613388,83,22.47118991613388
