,0,stitch_name,predicted_count,true_count,absolute_error
4,5,411831511,63.40574681758881,60,3.4057468175888133
3,4,411830510,64.00865131616592,60,4.008651316165924
1,2,412830511,64.27796131372453,60,4.277961313724532
0,1,411830511,68.76687330007553,60,8.766873300075531
7,8,413831510,68.77311438322067,60,8.773114383220673
5,6,412830510,69.00164854526521,60,9.001648545265212
6,7,413831512,70.3160960674286,60,10.316096067428603
2,3,412831511,74.61321264505386,60,14.613212645053864
