,0,stitch_name,predicted_count,true_count,absolute_error
4,5,415834515,80.7724683880806,74,6.772468388080597
7,8,417835516,81.45505428314209,74,7.45505428314209
8,9,416834515,82.07256138324738,74,8.072561383247375
5,6,416835516,82.60853707790375,74,8.608537077903748
0,1,417835515,83.41497832536696,74,9.41497832536696
6,7,417834515,84.50056433677673,74,10.500564336776733
2,3,417836516,85.21504360437395,74,11.215043604373946
1,2,416834514,85.90645277500153,74,11.906452775001526
3,4,415834514,88.16684257984161,74,14.166842579841614
