,0,stitch_name,predicted_count,true_count,absolute_error
1,2,436854535,34.10555475950241,31,3.105554759502411
7,8,435855535,34.368653625249856,31,3.3686536252498556
0,1,435855536,36.94322019815446,31,5.943220198154457
3,4,435854535,37.04129391908645,31,6.041293919086449
4,5,436855536,37.81173419952393,31,6.811734199523933
6,7,437855536,38.312637746334076,31,7.312637746334076
2,3,435854534,39.10410457849503,31,8.104104578495033
5,6,436854534,41.59007585048676,31,10.590075850486762
