,0,stitch_name,predicted_count,true_count,absolute_error
5,6,438857537,42.57626211643218,32,10.576262116432183
2,3,438856537,43.332515716552734,32,11.332515716552734
1,2,437856538,43.56558656692505,32,11.565586566925049
3,4,439856537,43.89407253265381,32,11.894072532653809
4,5,437856536,44.586493015289314,32,12.586493015289314
0,1,438857538,44.65077692270279,32,12.65077692270279
