,0,stitch_name,predicted_count,true_count,absolute_error
0,1,449867548,66.48889321088791,66,0.48889321088790894
2,3,447866547,65.03705203533173,66,0.9629479646682739
1,2,449867547,64.27688318490982,66,1.7231168150901794
3,4,448866548,63.6544086933136,66,2.3455913066864014
4,5,447867548,69.0069620013237,66,3.0069620013237
