,0,stitch_name,predicted_count,true_count,absolute_error
6,7,396813494,79.90729355812074,81,1.0927064418792583
7,8,395813493,79.39601755142213,81,1.6039824485778666
4,5,396814493,78.52809488773345,81,2.4719051122665547
0,1,396815495,77.70322078466415,81,3.296779215335846
1,2,395813495,76.75935864448546,81,4.240641355514541
3,4,395814493,74.97940587997438,81,6.0205941200256206
2,3,394813493,74.8191578388214,81,6.180842161178603
5,6,395814495,74.21069467067719,81,6.789305329322815
8,9,394813494,70.06343495845796,81,10.936565041542039
