,0,stitch_name,predicted_count,true_count,absolute_error
5,6,413831512,58.55878734588623,60,1.4412126541137695
3,4,411830510,58.075140357017524,60,1.9248596429824758
0,1,411830511,57.895901143550866,60,2.1040988564491343
1,2,412830511,53.972450971603394,60,6.0275490283966064
2,3,412831511,53.61958402395248,60,6.380415976047523
4,5,411831511,52.6321867108345,60,7.367813289165497
6,7,413831510,52.55283057689667,60,7.4471694231033325
7,8,412830510,50.1831493973732,60,9.8168506026268
