,0,stitch_name,predicted_count,true_count,absolute_error
8,9,416834515,76.3381655216217,74,2.338165521621704
5,6,417834515,77.98927319049834,74,3.989273190498338
7,8,416835516,80.78040409088135,74,6.780404090881348
0,1,417835515,81.0684254169464,74,7.068425416946397
4,5,415834515,82.66296535730363,74,8.662965357303634
2,3,417836516,83.28450173139572,74,9.284501731395721
1,2,416834514,84.28648775815964,74,10.286487758159637
6,7,417835516,87.30088436603546,74,13.300884366035461
3,4,415834514,87.86571025848389,74,13.865710258483887
