,0,stitch_name,predicted_count,true_count,absolute_error
7,8,435855536,31.155988931655887,31,0.15598893165588734
6,7,435855535,30.744794368743896,31,0.2552056312561035
4,5,435854534,30.088876485824585,31,0.911123514175415
1,2,435854535,29.760619521141052,31,1.2393804788589478
5,6,437855536,32.882901310920715,31,1.8829013109207153
3,4,436854534,32.88825225830078,31,1.8882522583007812
0,1,436854535,33.474571943283074,31,2.474571943283074
2,3,436855536,36.81134480237961,31,5.811344802379608
