,0,stitch_name,predicted_count,true_count,absolute_error
0,1,437856538,31.712633848190308,32,0.2873661518096924
3,4,437856536,31.558692693710327,32,0.44130730628967285
5,6,439856537,34.48142850399017,32,2.4814285039901733
2,3,438856537,34.63402509689331,32,2.6340250968933105
1,2,438857538,36.888540387153625,32,4.8885403871536255
4,5,438857537,38.9642572402954,32,6.964257240295403
