,0,stitch_name,predicted_count,true_count,absolute_error
1,2,445865545,66.97074359655379,67,0.02925640344621172
4,5,447866546,67.11180472373961,67,0.11180472373960981
5,6,446865545,66.63194739818573,67,0.36805260181427
7,8,447866547,68.24610102176665,67,1.2461010217666484
3,4,447865546,69.29972791671753,67,2.2997279167175293
8,9,447865547,63.34161615371704,67,3.658383846282959
6,7,446866547,71.02493399381638,67,4.024933993816376
2,3,447866545,71.58590430021286,67,4.58590430021286
0,1,446865546,72.72069895267488,67,5.72069895267488
