,0,stitch_name,predicted_count,true_count,absolute_error
4,5,447867548,63.66390401124954,66,2.3360959887504578
2,3,447866547,60.570810437202454,66,5.429189562797546
1,2,449867547,59.25313156843186,66,6.746868431568139
0,1,449867548,59.00325095653534,66,6.996749043464661
3,4,448866548,53.49550104141235,66,12.504498958587646
