,0,stitch_name,predicted_count,true_count,absolute_error
2,3,451870551,46.40628707408905,48,1.5937129259109497
3,4,451870550,44.750295519828796,48,3.2497044801712036
1,2,453872552,40.878920197486885,48,7.1210798025131155
0,1,453871552,37.058414340019226,48,10.941585659980774
