abs_count_diff,count_diff,mean_squared_error,mean_absolute_error,r_square,mean_absolute_percentage_error,accuracy
4.048308538420806,-4.048308538420806,93.66865804264646,7.825260050121754,0.6247760923557666,14.110620479991109,3.968253968253968
