abs_count_diff,count_diff,mean_squared_error,mean_absolute_error,r_square,mean_absolute_percentage_error,accuracy
3.021850323229008,-3.021850323229008,77.45772478281935,7.130249190660594,0.7425883992462219,12.532541620065302,2.5
