abs_count_diff,count_diff,mean_squared_error,r_square,accuracy
42.54419575735433,-42.54419575735433,2155.9152781020107,-6.164651484171383,0.0
