abs_count_diff,count_diff,mean_squared_error,r_square,accuracy
44.71031746031746,-44.71031746031746,2345.0079365079364,-8.39378293423011,0.0
