abs_count_diff,count_diff,mean_squared_error,mean_absolute_error,r_square,mean_absolute_percentage_error,accuracy
4.125,-4.125,143.86309523809524,9.505952380952381,0.42370400207446535,18.146197673665217,2.7777777777777777
