abs_count_diff,count_diff,mean_squared_error,mean_absolute_error,r_square,mean_absolute_percentage_error,accuracy
23.88293650793651,-23.88293650793651,930.811507936508,25.10515873015873,-2.7287043349029494,41.5391537113545,1.7857142857142856
