abs_count_diff,count_diff,mean_squared_error,r_square,accuracy
54.60862958590501,-54.60862958590501,3232.7031251141793,-9.743089711588778,0.0
