abs_count_diff,count_diff,mean_squared_error,r_square,accuracy
22.69347938196004,-22.69347938196004,888.1599798040334,-1.9515801395900216,0.0
