abs_count_diff,count_diff,mean_squared_error,r_square,accuracy
23.88293650793651,-23.88293650793651,930.811507936508,-2.7287043349029494,1.7857142857142856
