abs_count_diff,count_diff,mean_squared_error,mean_absolute_error,r_square,mean_absolute_percentage_error,accuracy
21.553571428571427,-21.553571428571427,592.140873015873,21.65277777777778,-1.3720358217123678,37.290999888791966,0.7936507936507936
