abs_count_diff,count_diff,mean_squared_error,mean_absolute_error,r_square,mean_absolute_percentage_error,accuracy
38.23809523809524,-38.23809523809524,1803.8055555555557,38.26587301587302,-6.225799785428527,63.54220542910704,0.5952380952380952
