abs_count_diff,count_diff,mean_squared_error,mean_absolute_error,r_square,mean_absolute_percentage_error,accuracy
22.5734126984127,-22.5734126984127,615.4742063492064,22.58531746031746,-1.465505982325885,39.98381233431434,0.1984126984126984
