abs_count_diff,count_diff,mean_squared_error,r_square,accuracy
21.97201084871721,-21.97201084871721,554.4835762422747,-0.8426890972127037,0.0
