abs_count_diff,count_diff,mean_squared_error,r_square,accuracy
22.5734126984127,-22.5734126984127,615.4742063492064,-1.465505982325885,0.1984126984126984
