,0,stitch_name,predicted_count,true_count,absolute_error
1,2,413832512,81.59830611944199,68,13.598306119441986
3,4,414832514,91.794867426157,68,23.794867426156998
2,3,414833514,92.2454095184803,68,24.2454095184803
0,1,414832513,101.20303680002691,68,33.20303680002691
