,0,stitch_name,predicted_count,true_count,absolute_error
1,2,419838519,79.1972364783287,84,4.802763521671295
0,1,419838518,76.2170925140381,84,7.7829074859619
2,3,419838520,74.30825448036194,84,9.691745519638062
