,0,stitch_name,predicted_count,true_count,absolute_error
3,4,435854535,36.36145350337029,31,5.361453503370292
2,3,435854534,36.817566633224494,31,5.817566633224494
6,7,437855536,38.085685789585106,31,7.085685789585106
7,8,435855535,40.02596551179886,31,9.025965511798859
0,1,435855536,40.71151798963547,31,9.711517989635468
1,2,436854535,57.084511280059814,31,26.084511280059814
5,6,436855536,57.492166608572006,31,26.492166608572006
4,5,436854534,60.962471783161156,31,29.962471783161156
