,0,stitch_name,predicted_count,true_count,absolute_error
2,3,448866548,65.41254878044128,66,0.5874512195587158
1,2,449867547,61.773468375206,66,4.226531624793999
0,1,449867548,59.746846675872796,66,6.253153324127204
3,4,447866547,76.18860793113707,66,10.18860793113707
4,5,447867548,79.65551030635835,66,13.655510306358352
