abs_count_diff,count_diff,mean_squared_error,r_square,accuracy
10.361170416919602,-10.361170416919602,259.8762321939806,-0.041028849834587655,2.976190476190476
