abs_count_diff,count_diff,mean_squared_error,r_square,accuracy
9.00058460683078,-9.00058460683078,174.2439596730274,0.4209432731613193,0.0
