accuracy,mean_squared_error,mean_absolute_error,r_square,mean_absolute_percentage_error,pearson_r
0.02976190476190476,259.8762321939806,13.058619882660134,-0.041028849834587655,24.7212732594757,"(0.747988131186049, 2.044699244243529e-91)"
