abs_count_diff,count_diff,mean_squared_error,mean_absolute_error,r_square,mean_absolute_percentage_error,accuracy
10.361170416919602,-10.361170416919602,259.8762321939806,13.058619882660134,-0.041028849834587655,24.7212732594757,2.976190476190476
