abs_count_diff,count_diff,mean_squared_error,r_square,accuracy
8.438146819967471,-8.438146819967471,573.1898644102048,-0.9048548217414005,2.5
