abs_count_diff,count_diff,mean_squared_error,r_square,accuracy
28.126353790613717,28.126353790613717,931.3971119133574,-2.3717571831020474,0.36101083032490977
