abs_count_diff,count_diff,mean_squared_error,r_square,accuracy
28.846378066378065,28.846378066378065,993.6323908326073,-2.302091624846656,0.0
