abs_count_diff,count_diff,mean_squared_error,r_square,accuracy
14.237113402061855,-14.237113402061855,554.4391752577319,-1.2651495322606499,1.6494845360824744
