,0,stitch_name,predicted_count,true_count,absolute_error
7,8,369788469,7.759579420089723,8,0.24042057991027743
2,3,371787469,7.69873833656311,8,0.30126166343688965
4,5,370788469,8.504682540893555,8,0.5046825408935547
1,2,370789469,8.554266333580017,8,0.5542663335800171
8,9,370787469,6.662015855312347,8,1.3379841446876526
0,1,371788469,9.679922342300417,8,1.6799223423004168
6,7,369789469,6.285847008228303,8,1.714152991771697
3,4,371789469,5.749228596687317,8,2.250771403312683
5,6,369787469,11.778033316135405,8,3.7780333161354047
