,0,stitch_name,predicted_count,true_count,absolute_error
5,6,395814495,81.64336547255516,81,0.6433654725551605
7,8,395813493,82.20465880632399,81,1.204658806323991
8,9,394813494,79.7245842218399,81,1.2754157781600952
0,1,396815495,82.90942162275314,81,1.9094216227531433
3,4,395814493,83.51100313663483,81,2.5110031366348267
6,7,396813494,83.56919610500336,81,2.569196105003357
4,5,396814493,85.31560638546944,81,4.315606385469437
2,3,394813493,85.45930087566377,81,4.4593008756637715
1,2,395813495,75.6774780154228,81,5.322521984577193
