,0,stitch_name,predicted_count,true_count,absolute_error
3,4,414832514,78.86171597242354,68,10.86171597242354
1,2,413832512,79.95273607969284,68,11.95273607969284
0,1,414832513,84.48504710197449,68,16.485047101974487
2,3,414833514,84.53120881319045,68,16.531208813190446
