,0,stitch_name,predicted_count,true_count,absolute_error
0,1,419838520,86.175243973732,84,2.1752439737319946
2,3,419838519,86.50609576702118,84,2.506095767021179
1,2,419838518,92.4656028151512,84,8.4656028151512
