,0,stitch_name,predicted_count,true_count,absolute_error
8,9,447865547,73.57820367813109,67,6.578203678131089
6,7,446866547,74.80097460746767,67,7.800974607467666
7,8,447866547,75.2773689031601,67,8.277368903160095
4,5,447866546,76.0045006275177,67,9.0045006275177
3,4,447865546,77.72987926006317,67,10.729879260063171
2,3,447866545,79.36577898263931,67,12.365778982639313
0,1,446865546,79.38915091753006,67,12.38915091753006
1,2,445865545,79.90016424655914,67,12.900164246559143
5,6,446865545,80.47728484869003,67,13.477284848690033
