,0,stitch_name,predicted_count,true_count,absolute_error
3,4,451870550,48.570068180561066,48,0.5700681805610657
1,2,451870551,46.97185224294663,48,1.0281477570533681
0,1,453871552,50.8704332113266,48,2.870433211326599
2,3,453872552,52.8437819480896,48,4.8437819480896
