abs_count_diff,count_diff,mean_squared_error,r_square,accuracy
9.544182961137256,-9.544182961137256,149.8383625221149,0.5020492422248681,5.0
