abs_count_diff,count_diff,mean_squared_error,r_square,accuracy
11.049704995834166,-11.049704995834166,187.76310919567075,0.24784651540802694,2.976190476190476
