abs_count_diff,count_diff,mean_squared_error,mean_absolute_error,r_square,mean_absolute_percentage_error,accuracy
11.049704995834166,-11.049704995834166,187.76310919567075,11.652985307254962,0.24784651540802694,20.79441302565205,2.976190476190476
