abs_count_diff,count_diff,mean_squared_error,mean_absolute_error,r_square,mean_absolute_percentage_error,accuracy
17.517857236185243,-17.517857236185243,677.4939551275763,19.99413637371438,-1.251483683252721,31.820868735518992,0.0
