abs_count_diff,count_diff,mean_squared_error,r_square,accuracy
17.517857236185243,-17.517857236185243,677.4939551275763,-1.251483683252721,0.0
