abs_count_diff,count_diff,mean_squared_error,mean_absolute_error,r_square,mean_absolute_percentage_error,accuracy
18.327380952380953,-18.327380952380953,701.9027777777778,20.96230158730159,-1.8117270874555453,34.96851951080239,1.7857142857142856
