abs_count_diff,count_diff,mean_squared_error,r_square,accuracy
18.327380952380953,-18.327380952380953,701.9027777777778,-1.8117270874555453,1.7857142857142856
