accuracy,mean_squared_error,mean_absolute_error,r_square,mean_absolute_percentage_error
0.15873015873015872,7.5476190476190474,1.9603174603174602,-0.6819100555836279,54.18633615062186
