accuracy,mean_squared_error,mean_absolute_error,r_square,mean_absolute_percentage_error
0.24603174603174602,7.103174603174603,1.8015873015873016,-0.5828701364325417,40.97866419294991
