accuracy,mean_squared_error,mean_absolute_error,r_square,mean_absolute_percentage_error
0.29365079365079366,5.142857142857143,1.4761904761904763,-0.14603335017685692,41.128890950319516
