abs_count_diff,count_diff,mean_squared_error,mean_absolute_error,r_square,mean_absolute_percentage_error,accuracy
27.6765873015873,-27.6765873015873,927.3551587301587,27.700396825396826,-2.7148586699549266,50.33162592273772,0.1984126984126984
