abs_count_diff,count_diff,mean_squared_error,r_square,accuracy
58.29761904761905,-58.29761904761905,3888.4285714285716,-14.576516133097897,0.0
