accuracy,mean_squared_error,mean_absolute_error,r_square,mean_absolute_percentage_error,pearson_r
0.0,3888.4285714285716,58.29761904761905,-14.576516133097897,108.33388245045622,"(0.5953601274529183, 1.166316173030248e-49)"
