abs_count_diff,count_diff,mean_squared_error,mean_absolute_error,r_square,mean_absolute_percentage_error,accuracy
57.12432400000894,-57.12432400000894,3618.5555810695396,57.12432400000894,-11.025374966167757,108.15869849340025,0.0
