abs_count_diff,count_diff,mean_squared_error,mean_absolute_error,r_square,mean_absolute_percentage_error,accuracy
22.603174603174605,-22.603174603174605,598.4246031746031,22.67063492063492,-1.3972075903061607,39.904929963243106,0.1984126984126984
