abs_count_diff,count_diff,mean_squared_error,r_square,accuracy
17.774228940550074,-17.774228940550074,379.4387542465972,-0.2609709024179896,0.0
