abs_count_diff,count_diff,mean_squared_error,r_square,accuracy
18.642857142857142,-18.642857142857142,436.9246031746032,-0.7502605500597459,0.992063492063492
