abs_count_diff,count_diff,mean_squared_error,mean_absolute_error,r_square,mean_absolute_percentage_error,accuracy
18.642857142857142,-18.642857142857142,436.9246031746032,18.75793650793651,-0.7502605500597459,33.05299167250405,0.992063492063492
