accuracy,mean_squared_error,mean_absolute_error,r_square,mean_absolute_percentage_error,pearson_r
0.00992063492063492,436.9246031746032,18.75793650793651,-0.7502605500597459,33.05299167250405,"(0.8936742246190624, 7.7602576866727085e-177)"
