abs_count_diff,count_diff,mean_squared_error,r_square,accuracy
57.12432400000894,-57.12432400000894,3618.5555810695396,-11.025374966167757,0.0
