abs_count_diff,count_diff,mean_squared_error,r_square,accuracy
38.607142857142854,-38.607142857142854,1597.6190476190477,-5.399844670578572,0.0
