accuracy,mean_squared_error,mean_absolute_error,r_square,mean_absolute_percentage_error,pearson_r
0.0,1597.6190476190477,38.61507936507937,-5.399844670578572,71.18620169757322,"(0.8440417850328198, 6.000579505691154e-138)"
