abs_count_diff,count_diff,mean_squared_error,r_square,accuracy
29.00793650793651,-29.00793650793651,1183.2222222222222,-3.739827335111162,0.7936507936507936
