abs_count_diff,count_diff,mean_squared_error,mean_absolute_error,r_square,mean_absolute_percentage_error,accuracy
29.00793650793651,-29.00793650793651,1183.2222222222222,29.349206349206348,-3.739827335111162,48.32824402652391,0.7936507936507936
