abs_count_diff,count_diff,mean_squared_error,r_square,accuracy
27.740157025590214,-27.740157025590214,1098.182753694822,-2.6495389109528498,5.0
