abs_count_diff,count_diff,mean_squared_error,mean_absolute_error,r_square,mean_absolute_percentage_error,accuracy
2.876984126984127,-2.876984126984127,66.21825396825396,6.242063492063492,0.7347386785445985,11.213685620418866,6.547619047619048
