abs_count_diff,count_diff,mean_squared_error,r_square,accuracy
4.140873015873016,-4.140873015873016,74.45039682539682,0.7017618336138602,3.571428571428571
