abs_count_diff,count_diff,mean_squared_error,r_square,accuracy
3.151183006394004,-3.151183006394004,63.5246497028934,0.7888915300159736,17.5
