,0,stitch_name,predicted_count,true_count,absolute_error
8,9,370787469,7.276907861232758,8,0.7230921387672424
2,3,371789469,7.032002985477448,8,0.9679970145225516
3,4,370788469,6.721092641353607,8,1.2789073586463928
6,7,369788469,6.633005201816559,8,1.3669947981834412
0,1,370789469,5.577502608299255,8,2.4224973917007446
5,6,369789469,5.540826916694641,8,2.459173083305359
7,8,371788469,5.343107044696809,8,2.6568929553031913
4,5,369787469,5.311595261096954,8,2.6884047389030457
1,2,371787469,4.558582842350006,8,3.441417157649994
