,0,stitch_name,predicted_count,true_count,absolute_error
1,2,390808489,81.62135869264603,83,1.3786413073539734
6,7,388808488,76.25360625982285,83,6.7463937401771545
0,1,390808488,71.02178800106049,83,11.978211998939514
3,4,389808488,70.47676169872284,83,12.52323830127716
4,5,388807487,70.13254952430725,83,12.867450475692749
2,3,388807488,69.48992675542831,83,13.510073244571686
5,6,390808487,67.21371626853943,83,15.786283731460571
