,0,stitch_name,predicted_count,true_count,absolute_error
0,1,400818498,99.2353616952896,83,16.235361695289598
2,3,398817499,99.64444136619568,83,16.64444136619568
1,2,399817498,99.886332988739,83,16.886332988739
3,4,399818498,105.9803614616394,83,22.980361461639404
