,0,stitch_name,predicted_count,true_count,absolute_error
1,2,413832512,75.96303343772887,68,7.963033437728868
0,1,414832513,83.59406781196593,68,15.594067811965928
3,4,414832514,84.04882693290709,68,16.04882693290709
2,3,414833514,84.6545672416687,68,16.6545672416687
