,0,stitch_name,predicted_count,true_count,absolute_error
2,3,419838520,89.35694777965546,84,5.3569477796554565
0,1,419838518,90.87067651748656,84,6.870676517486558
1,2,419838519,97.91528379917143,84,13.915283799171434
