abs_count_diff,count_diff,mean_squared_error,r_square,accuracy
3.021850323229008,-3.021850323229008,77.45772478281935,0.7425883992462219,2.5
