abs_count_diff,count_diff,mean_squared_error,r_square,accuracy
4.048308538420806,-4.048308538420806,93.66865804264646,0.6247760923557666,3.968253968253968
