abs_count_diff,count_diff,mean_squared_error,r_square,accuracy
58.06944444444444,-58.06944444444444,3634.8551587301586,-13.560735521144826,0.0
