abs_count_diff,count_diff,mean_squared_error,r_square,accuracy
57.207593713298635,-57.207593713298635,3506.87238639468,-10.654223476769399,0.0
