accuracy,mean_squared_error,mean_absolute_error,r_square,mean_absolute_percentage_error
0.42857142857142855,3.3684245006429827,1.1243462236154647,0.24938089702700594,26.689907108632376
