accuracy,mean_squared_error,mean_absolute_error,r_square,mean_absolute_percentage_error
0.21939586645468998,5.939364678060792,1.7867192690436904,-0.3124022231737784,41.39209317893191
