accuracy,mean_squared_error,mean_absolute_error,r_square,mean_absolute_percentage_error
0.13672496025437203,5.961633580905133,1.938005499695746,-0.31732291068577956,45.93342431632363
