accuracy,mean_squared_error,mean_absolute_error,r_square,mean_absolute_percentage_error
0.1907790143084261,5.798641470845147,1.7900200306492693,-0.2813070707437282,48.1117412870843
