accuracy,mean_squared_error,mean_absolute_error,r_square,mean_absolute_percentage_error
0.21303656597774245,7.1539592336020235,1.9709162474247155,-0.580787257828282,54.101181577511156
