accuracy,mean_squared_error,mean_absolute_error,r_square,mean_absolute_percentage_error
0.23211446740858505,5.201015828577326,1.6722351771280384,-0.14925166346504448,38.6137218326686
