accuracy,mean_squared_error,mean_absolute_error,r_square,mean_absolute_percentage_error
0.23052464228934816,4.7618448774418365,1.6768095449726608,-0.05220947732810166,42.30682628215855
