accuracy,mean_squared_error,mean_absolute_error,r_square,mean_absolute_percentage_error
0.24165341812400637,5.546006036763987,1.5770722004112645,-0.22548303512501588,38.01635998252675
