accuracy,mean_squared_error,mean_absolute_error,r_square
0.03815580286168521,12.477139408592176,3.129106316164681,-1.7570331822143639
