accuracy,mean_squared_error,mean_absolute_error,r_square,mean_absolute_percentage_error
0.1987281399046105,8.038976874986659,1.98850517763811,-0.7763467466051928,46.1656309881786
