abs_count_diff,count_diff,mean_squared_error,mean_absolute_error,r_square,mean_absolute_percentage_error,accuracy
19.89484126984127,-19.89484126984127,484.9583333333333,19.950396825396826,-0.9426771417512965,35.64099886934955,0.3968253968253968
