abs_count_diff,count_diff,mean_squared_error,r_square,accuracy
36.30555555555556,-36.30555555555556,1478.25,-4.921668496868502,0.0
