abs_count_diff,count_diff,mean_squared_error,r_square,accuracy
34.7229500762629,-34.7229500762629,1325.3931991449967,-3.4046166599481467,0.0
