,0,stitch_name,predicted_count,true_count,absolute_error
6,7,369788469,7.829611420631409,8,0.1703885793685913
5,6,369789469,8.829587221145632,8,0.8295872211456317
2,3,371789469,6.718284368515015,8,1.2817156314849854
7,8,370787469,9.413427948951721,8,1.4134279489517212
3,4,370788469,6.458540737628938,8,1.5414592623710623
8,9,371788469,6.172919988632202,8,1.8270800113677979
1,2,371787469,6.056473195552826,8,1.943526804447174
0,1,370789469,5.791662037372589,8,2.208337962627411
4,5,369787469,10.484225273132324,8,2.484225273132324
