,0,stitch_name,predicted_count,true_count,absolute_error
3,4,395814493,69.48792088031769,81,11.512079119682312
5,6,395814495,68.10388404130936,81,12.896115958690643
6,7,396813494,68.0755969285965,81,12.924403071403503
7,8,395813493,67.65105605125427,81,13.348943948745728
1,2,395813495,67.23589956760406,81,13.764100432395935
4,5,396814493,66.8758429288864,81,14.1241570711136
0,1,396815495,66.67918509244919,81,14.320814907550812
2,3,394813493,66.426917552948,81,14.573082447052002
8,9,394813494,63.91143268346786,81,17.088567316532142
