,0,stitch_name,predicted_count,true_count,absolute_error
0,1,400818498,82.63136878609656,83,0.36863121390344133
3,4,399818498,80.67998069524766,83,2.3200193047523356
1,2,399817498,80.30335915088655,83,2.69664084911345
2,3,398817499,85.98766738176346,83,2.9876673817634583
