,0,stitch_name,predicted_count,true_count,absolute_error
0,1,411830511,53.83038878440857,60,6.169611215591431
1,2,412830511,53.08052760362625,60,6.919472396373749
3,4,411830510,52.55833899974823,60,7.44166100025177
6,7,413831512,52.44679832458496,60,7.553201675415039
5,6,412830510,52.41105890274048,60,7.5889410972595215
4,5,411831511,50.01484096050263,60,9.985159039497368
2,3,412831511,49.7252641916275,60,10.274735808372498
7,8,413831510,49.294950902462006,60,10.705049097537994
