,0,stitch_name,predicted_count,true_count,absolute_error
2,3,419838520,78.11476346850395,84,5.885236531496048
1,2,419838519,77.3066151738167,84,6.693384826183305
0,1,419838518,73.170150578022,84,10.829849421977997
