,0,stitch_name,predicted_count,true_count,absolute_error
1,2,437856538,33.890393257141106,32,1.8903932571411062
0,1,438857538,34.369206845760345,32,2.3692068457603455
3,4,439856537,34.442239463329315,32,2.442239463329315
5,6,438857537,35.59042435884476,32,3.590424358844757
4,5,437856536,36.396416306495674,32,4.396416306495674
2,3,438856537,36.46995514631272,32,4.469955146312721
