,0,stitch_name,predicted_count,true_count,absolute_error
2,3,447865547,63.05273485183716,67,3.947265148162842
7,8,446866547,62.93103218078613,67,4.068967819213867
1,2,445865545,62.88836979866028,67,4.111630201339722
0,1,446865546,62.81159555912018,67,4.188404440879822
3,4,447866545,62.79637569189072,67,4.2036243081092834
4,5,447865546,62.21470522880554,67,4.785294771194458
6,7,446865545,61.029777467250824,67,5.970222532749176
5,6,447866546,60.703359484672546,67,6.296640515327454
8,9,447866547,57.94053709506989,67,9.059462904930108
