,0,stitch_name,predicted_count,true_count,absolute_error
2,3,453872552,44.102186888456345,48,3.8978131115436554
1,2,451870551,42.09200555086136,48,5.907994449138641
3,4,451870550,40.371282875537865,48,7.628717124462135
0,1,453871552,40.150838643312454,48,7.849161356687546
