accuracy,mean_squared_error,mean_absolute_error,r_square,mean_absolute_percentage_error,pearson_r
0.057539682539682536,54.145752200886214,5.749667745408794,0.7830994790818628,10.14572716720333,"(0.8936856156853886, 7.565668553730937e-177)"
