abs_count_diff,count_diff,mean_squared_error,r_square,accuracy
3.061245874408468,3.061245874408468,50.52706428342367,0.8320857921523922,7.5
