abs_count_diff,count_diff,mean_squared_error,r_square,accuracy
1.8892901107846267,1.8892901107846267,54.145752200886214,0.7830994790818628,5.753968253968254
