abs_count_diff,count_diff,mean_squared_error,mean_absolute_error,r_square,mean_absolute_percentage_error,accuracy
2.0892857142857144,2.0892857142857144,66.09722222222223,6.255952380952381,0.7352235152620665,10.860825861946397,5.952380952380952
