abs_count_diff,count_diff,mean_squared_error,mean_absolute_error,r_square,mean_absolute_percentage_error,accuracy
14.237113402061855,-14.237113402061855,554.4391752577319,20.105154639175257,-1.2651495322606499,37.19683577716162,1.6494845360824744
