abs_count_diff,count_diff,mean_squared_error,mean_absolute_error,r_square,mean_absolute_percentage_error,accuracy
34.99404761904762,-34.99404761904762,1324.767857142857,34.99404761904762,-4.30683990211862,63.61650616131856,0.0
