abs_count_diff,count_diff,mean_squared_error,mean_absolute_error,r_square,mean_absolute_percentage_error,accuracy
22.033730158730158,-22.033730158730158,780.827380952381,22.831349206349206,-2.127888316102185,39.316994046602986,0.992063492063492
