abs_count_diff,count_diff,mean_squared_error,r_square,accuracy
37.24404761904762,-37.24404761904762,1488.6488095238096,-4.96332471385621,0.0
