abs_count_diff,count_diff,mean_squared_error,r_square,accuracy
36.05584240913605,-36.05584240913605,1402.0686253218369,-3.6594284846692933,0.0
