abs_count_diff,count_diff,mean_squared_error,r_square,accuracy
34.99404761904762,-34.99404761904762,1324.767857142857,-4.30683990211862,0.0
