abs_count_diff,count_diff,mean_squared_error,r_square,accuracy
34.14990834240355,-34.14990834240355,1255.641217206319,-3.1728131906760133,0.0
