abs_count_diff,count_diff,mean_squared_error,r_square,accuracy
37.31346708571692,-37.31346708571692,1505.0862224442749,-4.001782002739274,0.0
