abs_count_diff,count_diff,mean_squared_error,r_square,accuracy
2.928696261911575,2.928696261911575,60.91080654769289,0.7975779915998376,7.5
