abs_count_diff,count_diff,mean_squared_error,r_square,accuracy
2.0892857142857144,2.0892857142857144,66.09722222222223,0.7352235152620665,5.952380952380952
