,0,stitch_name,predicted_count,true_count,absolute_error
1,2,390808489,66.55150610208511,83,16.448493897914886
0,1,390808488,65.27251672744751,83,17.72748327255249
6,7,388808488,64.61217492818832,83,18.387825071811676
5,6,390808487,62.3594613969326,83,20.640538603067398
3,4,389808488,62.10433623194695,83,20.895663768053048
4,5,388807487,62.012048065662384,83,20.987951934337616
2,3,388807488,55.00695478916168,83,27.993045210838318
