,0,stitch_name,predicted_count,true_count,absolute_error
3,4,414832514,67.576020270586,68,0.4239797294140004
2,3,414833514,68.7215701341629,68,0.7215701341629028
0,1,414832513,63.78960195183754,68,4.21039804816246
1,2,413832512,62.43540108203888,68,5.564598917961121
