,0,stitch_name,predicted_count,true_count,absolute_error
8,9,416834515,74.84807866811751,74,0.848078668117509
4,5,415834515,75.10818070173265,74,1.1081807017326497
6,7,417834515,72.87890660762788,74,1.1210933923721171
2,3,417836516,72.83316111564636,74,1.1668388843536377
3,4,415834514,76.04005753993987,74,2.040057539939866
7,8,417835516,71.31153976917267,74,2.6884602308273315
0,1,417835515,70.50677567720412,74,3.493224322795882
5,6,416835516,69.30999732017517,74,4.690002679824829
1,2,416834514,69.04632931947708,74,4.953670680522919
