,0,stitch_name,predicted_count,true_count,absolute_error
7,8,435855535,30.774881184101105,31,0.22511881589889526
5,6,435855536,31.510792970657352,31,0.5107929706573522
4,5,436854534,30.304490447044373,31,0.6955095529556274
0,1,436854535,29.97348719835281,31,1.0265128016471898
1,2,435854534,32.12846547365189,31,1.128465473651893
6,7,437855536,32.387000441551216,31,1.3870004415512156
3,4,436855536,32.411013960838325,31,1.411013960838325
2,3,435854535,32.43613940477371,31,1.4361394047737122
