,0,stitch_name,predicted_count,true_count,absolute_error
1,2,449867547,62.633111000061035,66,3.366888999938965
4,5,447867548,59.85248562693596,66,6.147514373064041
0,1,449867548,59.31712770462036,66,6.682872295379639
3,4,447866547,58.02491754293442,66,7.975082457065582
2,3,448866548,57.79371654987335,66,8.206283450126648
