abs_count_diff,count_diff,mean_squared_error,mean_absolute_error,r_square,mean_absolute_percentage_error,accuracy
1.8892901107846267,1.8892901107846267,54.145752200886214,5.749667745408794,0.7830994790818628,10.14572716720333,5.753968253968254
