accuracy,mean_squared_error,mean_absolute_error,r_square,mean_absolute_percentage_error
0.21019148400100782,3.6805457968320616,1.198159142146035,0.17982784416223385,48.80942290828758
