accuracy,mean_squared_error,mean_absolute_error,r_square,mean_absolute_percentage_error
0.18441971383147854,8.223661903876398,2.1974596675894027,-0.8171560007325118,47.3437907094164
