accuracy,mean_squared_error,mean_absolute_error,r_square,mean_absolute_percentage_error
0.15421303656597773,9.52071593485209,2.349349072496207,-1.1037618392520616,54.53523405334653
