accuracy,mean_squared_error,mean_absolute_error,r_square,mean_absolute_percentage_error
0.24165341812400637,5.795583292255698,1.6157022280609665,-0.2806313149016124,37.84518589952873
