abs_count_diff,count_diff,mean_squared_error,r_square,accuracy
22.32379839088519,-22.32379839088519,587.9772489731508,-0.9539970388925287,0.0
