abs_count_diff,count_diff,mean_squared_error,r_square,accuracy
23.46230158730159,-23.46230158730159,666.1488095238095,-1.6685015522297308,0.0
