accuracy,mean_squared_error,mean_absolute_error,r_square,mean_absolute_percentage_error,pearson_r
0.0,666.1488095238095,23.61706349206349,-1.6685015522297308,41.48443585501992,"(0.8733845454704082, 5.799965617124464e-159)"
