abs_count_diff,count_diff,mean_squared_error,r_square,accuracy
19.38344128253815,-19.38344128253815,435.1745884599177,-0.44619516951885174,0.0
