abs_count_diff,count_diff,mean_squared_error,r_square,accuracy
19.89484126984127,-19.89484126984127,484.9583333333333,-0.9426771417512965,0.3968253968253968
