,0,stitch_name,predicted_count,true_count,absolute_error
6,7,388808488,70.12047159671782,83,12.87952840328218
3,4,389808488,69.67393279075623,83,13.326067209243774
2,3,388807488,69.3052463531494,83,13.6947536468506
5,6,390808487,68.93129289150238,83,14.06870710849762
1,2,390808489,66.44291889667511,83,16.55708110332489
0,1,390808488,65.92673325538635,83,17.073266744613647
4,5,388807487,61.85057592391968,83,21.149424076080322
