,0,stitch_name,predicted_count,true_count,absolute_error
5,6,395814495,82.11284136772157,81,1.1128413677215718
3,4,395814493,82.87992912530898,81,1.8799291253089763
4,5,396814493,78.95524299144745,81,2.0447570085525513
7,8,395813493,78.04957705736159,81,2.9504229426384114
1,2,395813495,76.80597573518753,81,4.1940242648124695
0,1,396815495,75.53150200843811,81,5.46849799156189
6,7,396813494,74.87175631523131,81,6.128243684768691
8,9,394813494,71.12639760971071,81,9.873602390289292
2,3,394813493,67.83305549621582,81,13.16694450378418
