,0,stitch_name,predicted_count,true_count,absolute_error
0,1,417835515,81.40591683983803,74,7.405916839838028
6,7,417834515,82.29809933900833,74,8.298099339008331
2,3,417836516,82.8004295229912,74,8.800429522991195
7,8,417835516,84.70886236429214,74,10.708862364292145
3,4,415834514,85.2697702050209,74,11.269770205020905
4,5,415834515,85.40835314989091,74,11.408353149890914
1,2,416834514,89.57928246259691,74,15.579282462596908
8,9,416834515,90.43838131427765,74,16.43838131427765
5,6,416835516,92.57806819677351,74,18.578068196773515
