,0,stitch_name,predicted_count,true_count,absolute_error
3,4,447866545,75.31061255931854,67,8.310612559318542
1,2,445865545,78.13009572029114,67,11.130095720291138
5,6,447866546,78.66378861665727,67,11.663788616657271
2,3,447865547,79.78646743297577,67,12.786467432975769
8,9,447866547,81.54657202959059,67,14.546572029590592
6,7,446865545,81.70643520355225,67,14.706435203552246
4,5,447865546,82.39472788572311,67,15.394727885723114
0,1,446865546,85.3095924258232,67,18.309592425823197
7,8,446866547,85.84660637378694,67,18.84660637378694
