abs_count_diff,count_diff,mean_squared_error,mean_absolute_error,r_square,mean_absolute_percentage_error,accuracy
10.55429010913663,-10.55429010913663,186.7096793808555,11.601931717823303,0.2520664120074205,21.804774360689855,1.5873015873015872
