abs_count_diff,count_diff,mean_squared_error,r_square,accuracy
8.482474226804124,-8.482474226804124,226.31340206185567,0.036917536644014426,3.2989690721649487
