abs_count_diff,count_diff,mean_squared_error,r_square,accuracy
7.100695951851055,-7.100695951851055,148.10825211025386,0.4870623769697743,5.263157894736842
