abs_count_diff,count_diff,mean_squared_error,mean_absolute_error,r_square,mean_absolute_percentage_error,accuracy
8.482474226804124,-8.482474226804124,226.31340206185567,12.08659793814433,0.036917536644014426,22.896813827968206,3.2989690721649487
