abs_count_diff,count_diff,mean_squared_error,r_square,accuracy
4.125,-4.125,143.86309523809524,0.42370400207446535,2.7777777777777777
