abs_count_diff,count_diff,mean_squared_error,r_square,accuracy
2.649426531304728,-2.649426531304728,101.42713942435002,0.6629319749282176,5.0
