accuracy,mean_squared_error,mean_absolute_error,r_square,mean_absolute_percentage_error,pearson_r
0.027777777777777776,143.86309523809524,9.505952380952381,0.42370400207446535,18.146197673665217,"(0.7439459011095572, 6.240049693929691e-90)"
