abs_count_diff,count_diff,mean_squared_error,r_square,accuracy
19.86071770931186,-19.86071770931186,453.04277641391946,-0.5055756751650642,0.0
