abs_count_diff,count_diff,mean_squared_error,r_square,accuracy
20.46825396825397,-20.46825396825397,495.30555555555554,-0.9841267070233621,0.1984126984126984
