abs_count_diff,count_diff,mean_squared_error,mean_absolute_error,r_square,mean_absolute_percentage_error,accuracy
20.46825396825397,-20.46825396825397,495.30555555555554,20.615079365079364,-0.9841267070233621,36.83572502428743,0.1984126984126984
