abs_count_diff,count_diff,mean_squared_error,mean_absolute_error,r_square,mean_absolute_percentage_error,accuracy
13.95482546201232,-13.95482546201232,563.9260780287474,18.591375770020534,-1.4096405668633367,35.32458794173447,1.4373716632443532
