abs_count_diff,count_diff,mean_squared_error,mean_absolute_error,r_square,mean_absolute_percentage_error,accuracy
35.057539682539684,-35.057539682539684,1541.890873015873,35.14484126984127,-5.176605180684707,57.90012648181383,0.992063492063492
