abs_count_diff,count_diff,mean_squared_error,r_square,accuracy
20.635230421752162,-20.635230421752162,644.0100333525394,-1.14020814646419,0.0
