abs_count_diff,count_diff,mean_squared_error,r_square,accuracy
22.033730158730158,-22.033730158730158,780.827380952381,-2.127888316102185,0.992063492063492
