accuracy,mean_squared_error,mean_absolute_error,r_square,mean_absolute_percentage_error,pearson_r
0.00992063492063492,780.827380952381,22.831349206349206,-2.127888316102185,39.316994046602986,"(0.8064755175495584, 1.2019474552886586e-116)"
