abs_count_diff,count_diff,mean_squared_error,r_square,accuracy
25.971823634947032,-25.971823634947032,849.0871265195237,-1.8217311705145187,0.0
