abs_count_diff,count_diff,mean_squared_error,r_square,accuracy
26.636904761904763,-26.636904761904763,889.5099206349206,-2.5632557921026966,0.5952380952380952
