abs_count_diff,count_diff,mean_squared_error,mean_absolute_error,r_square,mean_absolute_percentage_error,accuracy
26.636904761904763,-26.636904761904763,889.5099206349206,26.922619047619047,-2.5632557921026966,45.62474697767577,0.5952380952380952
