abs_count_diff,count_diff,mean_squared_error,r_square,accuracy
28.19356761249903,-28.19356761249903,911.4754816002638,-2.0290634462140305,2.5
