abs_count_diff,count_diff,mean_squared_error,mean_absolute_error,r_square,mean_absolute_percentage_error,accuracy
29.345238095238095,-29.345238095238095,1058.9801587301588,29.464285714285715,-3.2421305224158203,52.60420499485613,0.1984126984126984
