abs_count_diff,count_diff,mean_squared_error,r_square,accuracy
29.345238095238095,-29.345238095238095,1058.9801587301588,-3.2421305224158203,0.1984126984126984
