accuracy,mean_squared_error,mean_absolute_error,r_square,mean_absolute_percentage_error,pearson_r
0.001984126984126984,1058.9801587301588,29.464285714285715,-3.2421305224158203,52.60420499485613,"(0.8174518461763154, 2.3410615602447513e-122)"
