abs_count_diff,count_diff,mean_squared_error,mean_absolute_error,r_square,mean_absolute_percentage_error,accuracy
7.100695951851055,-7.100695951851055,148.10825211025386,10.305911754280478,0.4870623769697743,20.495668234403006,5.263157894736842
