abs_count_diff,count_diff,mean_squared_error,mean_absolute_error,r_square,mean_absolute_percentage_error,accuracy
25.601190476190474,-25.601190476190474,758.4345238095239,25.636904761904763,-2.0381855752276823,45.804770896910405,1.1904761904761905
