abs_count_diff,count_diff,mean_squared_error,r_square,accuracy
36.64026160016809,-36.64026160016809,1685.4725511665733,-4.601251374718598,2.5
