abs_count_diff,count_diff,mean_squared_error,r_square,accuracy
38.23809523809524,-38.23809523809524,1803.8055555555557,-6.225799785428527,0.5952380952380952
