abs_count_diff,count_diff,mean_squared_error,r_square,accuracy
12.600085681525814,-12.600085681525814,364.96260881421443,-0.2639609906456577,0.0
