abs_count_diff,count_diff,mean_squared_error,r_square,accuracy
13.95482546201232,-13.95482546201232,563.9260780287474,-1.4096405668633367,1.4373716632443532
