abs_count_diff,count_diff,mean_squared_error,mean_absolute_error,r_square,mean_absolute_percentage_error,accuracy
11.71031746031746,-11.71031746031746,223.47619047619048,12.84920634920635,0.10478476783829394,22.59731500994457,1.1904761904761905
