abs_count_diff,count_diff,mean_squared_error,r_square,accuracy
25.601190476190474,-25.601190476190474,758.4345238095239,-2.0381855752276823,1.1904761904761905
