abs_count_diff,count_diff,mean_squared_error,r_square,accuracy
24.91816361920262,-24.91816361920262,712.1016487452429,-1.3664937979636531,0.0
