abs_count_diff,count_diff,mean_squared_error,r_square,accuracy
44.58769567593177,-44.58769567593177,2240.2847079210624,-6.445032428038491,0.0
