abs_count_diff,count_diff,mean_squared_error,r_square,accuracy
45.54365079365079,-45.54365079365079,2336.626984126984,-8.360209978581173,0.0
