abs_count_diff,count_diff,mean_squared_error,r_square,accuracy
13.422619047619047,-13.422619047619047,301.7003968253968,-0.20857076636135852,0.7936507936507936
