abs_count_diff,count_diff,mean_squared_error,r_square,accuracy
12.958024487944565,-12.958024487944565,262.13609810062997,0.12885547804782183,0.0
