abs_count_diff,count_diff,mean_squared_error,mean_absolute_error,r_square,mean_absolute_percentage_error,accuracy
13.422619047619047,-13.422619047619047,301.7003968253968,14.454365079365079,-0.20857076636135852,24.904351366310777,0.7936507936507936
