accuracy,mean_squared_error,mean_absolute_error,r_square,mean_absolute_percentage_error
0.30158730158730157,8.246031746031745,1.8174603174603174,-0.837544214249621,41.12167594310452
