abs_count_diff,count_diff,mean_squared_error,r_square,accuracy
34.75198412698413,-34.75198412698413,1370.045634920635,-4.488216523309135,0.0
