abs_count_diff,count_diff,mean_squared_error,r_square,accuracy
33.21669448012558,-33.21669448012558,1242.351184990241,-3.1286470539039613,0.0
