abs_count_diff,count_diff,mean_squared_error,mean_absolute_error,r_square,mean_absolute_percentage_error,accuracy
34.75198412698413,-34.75198412698413,1370.045634920635,34.75992063492063,-4.488216523309135,60.13475451234238,0.0
