abs_count_diff,count_diff,mean_squared_error,mean_absolute_error,r_square,mean_absolute_percentage_error,accuracy
26.035714285714285,-26.035714285714285,847.0952380952381,26.099206349206348,-2.3933483411303196,46.28200102281158,0.1984126984126984
