abs_count_diff,count_diff,mean_squared_error,r_square,accuracy
27.8014440433213,27.8014440433213,883.4187725631768,-2.1980704620803837,0.0
