abs_count_diff,count_diff,mean_squared_error,r_square,accuracy
16.230927835051546,-16.230927835051546,430.1855670103093,-0.7575140419067916,1.0309278350515463
