abs_count_diff,count_diff,mean_squared_error,r_square,accuracy
13.615282938413532,-13.615282938413532,362.1799245815437,-0.20361544841163037,0.0
