abs_count_diff,count_diff,mean_squared_error,mean_absolute_error,r_square,mean_absolute_percentage_error,accuracy
16.230927835051546,-16.230927835051546,430.1855670103093,18.46185567010309,-0.7575140419067916,33.02233904012972,1.0309278350515463
