abs_count_diff,count_diff,mean_squared_error,r_square,accuracy
28.347067099567095,28.347067099567095,930.4338100404035,-2.09206676428302,0.0
