abs_count_diff,count_diff,mean_squared_error,r_square,accuracy
2.867063492063492,2.867063492063492,64.31150793650794,0.742376843880448,3.373015873015873
