abs_count_diff,count_diff,mean_squared_error,mean_absolute_error,r_square,mean_absolute_percentage_error,accuracy
2.867063492063492,2.867063492063492,64.31150793650794,6.1686507936507935,0.742376843880448,10.397188836363968,3.373015873015873
