accuracy,mean_squared_error,mean_absolute_error,r_square,mean_absolute_percentage_error,pearson_r
0.03373015873015873,64.31150793650794,6.1686507936507935,0.742376843880448,10.397188836363968,"(0.8811000676378491, 2.259794473774193e-165)"
