abs_count_diff,count_diff,mean_squared_error,r_square,accuracy
4.020268145998644,4.020268145998644,70.69860619367151,0.7650506590220614,5.0
