,0,stitch_name,predicted_count,true_count,absolute_error
5,6,369789469,7.978997230529785,8,0.021002769470214844
8,9,370787469,8.268503069877625,8,0.2685030698776245
7,8,371788469,8.54413092136383,8,0.5441309213638306
3,4,370788469,8.828596711158752,8,0.8285967111587524
2,3,371789469,7.076339840888977,8,0.923660159111023
1,2,371787469,8.939210772514341,8,0.9392107725143415
0,1,370789469,8.970958709716797,8,0.9709587097167969
4,5,369787469,9.665719270706175,8,1.665719270706175
6,7,369788469,12.163167357444765,8,4.163167357444765
