,0,stitch_name,predicted_count,true_count,absolute_error
2,3,389808488,85.55153751373291,83,2.55153751373291
1,2,390808489,80.18783301115036,83,2.81216698884964
5,6,390808487,78.77943861484529,83,4.22056138515471
3,4,388807488,76.67088484764098,83,6.329115152359023
4,5,388807487,73.88638770580292,83,9.113612294197083
6,7,388808488,73.48159790039062,83,9.518402099609375
0,1,390808488,72.41465562582016,83,10.58534437417984
