,0,stitch_name,predicted_count,true_count,absolute_error
2,3,398817499,98.16831040382385,83,15.168310403823853
0,1,400818498,101.3152523636818,83,18.315252363681793
3,4,399818498,111.00575470924377,83,28.005754709243774
1,2,399817498,112.00010561943054,83,29.000105619430542
