,0,stitch_name,predicted_count,true_count,absolute_error
0,1,414832513,84.95498996973038,68,16.954989969730377
1,2,413832512,89.09566551446915,68,21.095665514469147
2,3,414833514,91.06888461112976,68,23.06888461112976
3,4,414832514,96.06537765264513,68,28.065377652645125
