,0,stitch_name,predicted_count,true_count,absolute_error
1,2,419838519,87.85848677158356,84,3.858486771583557
2,3,419838520,98.97202265262604,84,14.972022652626038
0,1,419838518,100.2023698091507,84,16.202369809150696
