,0,stitch_name,predicted_count,true_count,absolute_error
5,6,447866546,76.18124961853026,67,9.18124961853026
7,8,446866547,78.52465701103209,67,11.52465701103209
6,7,446865545,79.05244773626329,67,12.05244773626329
3,4,447866545,79.0576696395874,67,12.057669639587402
8,9,447866547,79.70713287591934,67,12.707132875919342
2,3,447865547,83.03044426441194,67,16.03044426441194
0,1,446865546,86.01147425174713,67,19.01147425174713
4,5,447865546,87.32534646987915,67,20.32534646987915
1,2,445865545,88.115558385849,67,21.115558385849
