,0,stitch_name,predicted_count,true_count,absolute_error
2,3,447866547,67.69970607757568,66,1.6997060775756836
1,2,449867547,69.3422908782959,66,3.3422908782958984
3,4,448866548,69.55504107475282,66,3.555041074752822
0,1,449867548,72.32629418373108,66,6.326294183731079
4,5,447867548,74.95262658596039,66,8.952626585960388
