,0,stitch_name,predicted_count,true_count,absolute_error
3,4,451870550,48.68197274208069,48,0.6819727420806885
0,1,453871552,46.64795929193497,48,1.352040708065033
1,2,451870551,52.80713772773743,48,4.807137727737427
2,3,453872552,56.5919668674469,48,8.5919668674469
