abs_count_diff,count_diff,mean_squared_error,r_square,accuracy
11.663383788102943,-11.663383788102943,193.90185292990208,0.35561512435644516,2.5
