abs_count_diff,count_diff,mean_squared_error,r_square,accuracy
12.737582991875353,-12.737582991875353,231.46926908565914,0.07276558177728665,1.5873015873015872
