abs_count_diff,count_diff,mean_squared_error,r_square,accuracy
35.057539682539684,-35.057539682539684,1541.890873015873,-5.176605180684707,0.992063492063492
