abs_count_diff,count_diff,mean_squared_error,r_square,accuracy
33.68666262969411,-33.68666262969411,1469.2637812933922,-3.882734974887482,0.0
