abs_count_diff,count_diff,mean_squared_error,r_square,accuracy
22.053636566793536,-22.053636566793536,550.6849885755935,-0.8300654301139658,0.0
