abs_count_diff,count_diff,mean_squared_error,r_square,accuracy
22.603174603174605,-22.603174603174605,598.4246031746031,-1.3972075903061607,0.1984126984126984
