abs_count_diff,count_diff,mean_squared_error,r_square,accuracy
11.209217429167875,-11.209217429167875,191.9386161329872,0.3621394565385425,2.5
