abs_count_diff,count_diff,mean_squared_error,r_square,accuracy
11.71031746031746,-11.71031746031746,223.47619047619048,0.10478476783829394,1.1904761904761905
