abs_count_diff,count_diff,mean_squared_error,mean_absolute_error,r_square,mean_absolute_percentage_error,accuracy
37.24404761904762,-37.24404761904762,1488.6488095238096,37.25198412698413,-4.96332471385621,67.69606720144056,0.0
