abs_count_diff,count_diff,mean_squared_error,mean_absolute_error,r_square,mean_absolute_percentage_error,accuracy
38.607142857142854,-38.607142857142854,1597.6190476190477,38.61507936507937,-5.399844670578572,71.18620169757322,0.0
