abs_count_diff,count_diff,mean_squared_error,r_square,accuracy
53.59325396825397,-53.59325396825397,3119.9781746031745,-11.498208332464005,0.0
