abs_count_diff,count_diff,mean_squared_error,r_square,accuracy
51.70162380174529,-51.70162380174529,2909.239854992399,-8.668139493511015,0.0
