abs_count_diff,count_diff,mean_squared_error,r_square,accuracy
2.876984126984127,-2.876984126984127,66.21825396825396,0.7347386785445985,6.547619047619048
