abs_count_diff,count_diff,mean_squared_error,r_square,accuracy
1.5543490506190316,-1.5543490506190316,57.50082476210717,0.8089102231161903,5.0
