abs_count_diff,count_diff,mean_squared_error,mean_absolute_error,r_square,mean_absolute_percentage_error,accuracy
31.48015873015873,-31.48015873015873,1352.1349206349207,31.646825396825395,-4.416468637266769,52.46217976748038,1.1904761904761905
