abs_count_diff,count_diff,mean_squared_error,r_square,accuracy
30.27450436241437,-30.27450436241437,1240.9680945592413,-3.1240506947567086,2.5
