abs_count_diff,count_diff,mean_squared_error,mean_absolute_error,r_square,mean_absolute_percentage_error,accuracy
30.27450436241437,-30.27450436241437,1240.9680945592413,30.31200436241437,-3.1240506947567086,47.8021378673072,2.5
