abs_count_diff,count_diff,mean_squared_error,r_square,accuracy
31.48015873015873,-31.48015873015873,1352.1349206349207,-4.416468637266769,1.1904761904761905
