abs_count_diff,count_diff,mean_squared_error,r_square,accuracy
35.30555555555556,-35.30555555555556,1553.0357142857142,-5.221249899406316,0.3968253968253968
