abs_count_diff,count_diff,mean_squared_error,r_square,accuracy
34.48751966304157,-34.48751966304157,1370.1896402786601,-3.5534865583684825,0.0
