accuracy,mean_squared_error,mean_absolute_error,r_square,mean_absolute_percentage_error,pearson_r
0.003968253968253968,1553.0357142857142,35.32539682539682,-5.221249899406316,64.19465165310577,"(0.7313632466015418, 1.7476416609453915e-85)"
