abs_count_diff,count_diff,mean_squared_error,r_square,accuracy
26.035714285714285,-26.035714285714285,847.0952380952381,-2.3933483411303196,0.1984126984126984
