accuracy,mean_squared_error,mean_absolute_error,r_square,mean_absolute_percentage_error,pearson_r
0.001984126984126984,847.0952380952381,26.099206349206348,-2.3933483411303196,46.28200102281158,"(0.8605920337334324, 3.2726478289187477e-149)"
