abs_count_diff,count_diff,mean_squared_error,r_square,accuracy
25.363946272628336,-25.363946272628336,746.634890801201,-1.481256491313685,0.0
