abs_count_diff,count_diff,mean_squared_error,r_square,accuracy
26.12808027029095,-26.12808027029095,786.7095308643908,-1.6144346511062801,0.0
