abs_count_diff,count_diff,mean_squared_error,r_square,accuracy
27.6765873015873,-27.6765873015873,927.3551587301587,-2.7148586699549266,0.1984126984126984
