abs_count_diff,count_diff,mean_squared_error,r_square,accuracy
36.63492063492063,-36.63492063492063,1500.734126984127,-5.011736852316834,0.0
