abs_count_diff,count_diff,mean_squared_error,r_square,accuracy
35.54265812281637,-35.54265812281637,1387.1426796302437,-3.6098257938594394,0.0
