abs_count_diff,count_diff,mean_squared_error,mean_absolute_error,r_square,mean_absolute_percentage_error,accuracy
1.8432539682539681,-1.8432539682539681,89.31944444444444,7.323412698412699,0.642198450651471,13.729963798065517,4.563492063492063
