accuracy,mean_squared_error,mean_absolute_error,r_square,mean_absolute_percentage_error,pearson_r
0.007936507936507936,592.140873015873,21.65277777777778,-1.3720358217123678,37.290999888791966,"(0.8923316368656681, 1.5172284168506093e-175)"
