abs_count_diff,count_diff,mean_squared_error,r_square,accuracy
20.446760309703084,-20.446760309703084,521.3587226487294,-0.7326068347636483,0.0
