abs_count_diff,count_diff,mean_squared_error,r_square,accuracy
21.553571428571427,-21.553571428571427,592.140873015873,-1.3720358217123678,0.7936507936507936
