abs_count_diff,count_diff,mean_squared_error,r_square,accuracy
5.075811867781977,-5.075811867781977,172.6558515028883,0.4262209580841836,2.5
