abs_count_diff,count_diff,mean_squared_error,r_square,accuracy
31.521322150072148,31.521322150072148,1113.3899909561237,-2.7000764047593098,0.0
