abs_count_diff,count_diff,mean_squared_error,mean_absolute_error,r_square,mean_absolute_percentage_error,accuracy
7.824742268041237,-7.824742268041237,196.9876288659794,11.610309278350515,0.1952112056665406,20.491154948084603,2.0618556701030926
