abs_count_diff,count_diff,mean_squared_error,r_square,accuracy
31.028880866425993,31.028880866425993,1073.3176895306858,-2.8855248563002154,0.0
