abs_count_diff,count_diff,mean_squared_error,r_square,accuracy
7.824742268041237,-7.824742268041237,196.9876288659794,0.1952112056665406,2.0618556701030926
