abs_count_diff,count_diff,mean_squared_error,mean_absolute_error,r_square,mean_absolute_percentage_error,accuracy
35.30555555555556,-35.30555555555556,1553.0357142857142,35.32539682539682,-5.221249899406316,64.19465165310577,0.3968253968253968
