abs_count_diff,count_diff,mean_squared_error,r_square,accuracy
0.4306863472560405,-0.4306863472560405,94.30585925689903,0.6865977891831477,7.5
