abs_count_diff,count_diff,mean_squared_error,r_square,accuracy
1.8432539682539681,-1.8432539682539681,89.31944444444444,0.642198450651471,4.563492063492063
