accuracy,mean_squared_error,mean_absolute_error,r_square,mean_absolute_percentage_error,pearson_r
0.015873015873015872,786.4424603174604,23.36706349206349,-2.15038156053554,38.272366290369604,"(0.8783293586681382, 5.0792916226402996e-163)"
