abs_count_diff,count_diff,mean_squared_error,mean_absolute_error,r_square,mean_absolute_percentage_error,accuracy
23.049603174603174,-23.049603174603174,786.4424603174604,23.36706349206349,-2.15038156053554,38.272366290369604,1.5873015873015872
