abs_count_diff,count_diff,mean_squared_error,r_square,accuracy
21.68802334760295,-21.68802334760295,726.2427168701504,-1.4134881422024872,5.0
