abs_count_diff,count_diff,mean_squared_error,r_square,accuracy
23.049603174603174,-23.049603174603174,786.4424603174604,-2.15038156053554,1.5873015873015872
