abs_count_diff,count_diff,mean_squared_error,mean_absolute_error,r_square,mean_absolute_percentage_error,accuracy
41.64254969836571,-41.64254969836571,1958.1990538797152,41.64254969836571,-5.5075904884507505,73.06777766263531,0.0
