abs_count_diff,count_diff,mean_squared_error,r_square,accuracy
43.24404761904762,-43.24404761904762,2187.9305555555557,-7.764552304528554,0.0
