abs_count_diff,count_diff,mean_squared_error,r_square,accuracy
41.64254969836571,-41.64254969836571,1958.1990538797152,-5.5075904884507505,0.0
