accuracy,mean_squared_error,mean_absolute_error,r_square,mean_absolute_percentage_error,pearson_r
0.00992063492063492,1430.7420634920634,33.07539682539682,-4.731358163047919,56.1809484500012,"(0.8428255243242687, 3.578570792806293e-137)"
