abs_count_diff,count_diff,mean_squared_error,mean_absolute_error,r_square,mean_absolute_percentage_error,accuracy
32.964285714285715,-32.964285714285715,1430.7420634920634,33.07539682539682,-4.731358163047919,56.1809484500012,0.992063492063492
