abs_count_diff,count_diff,mean_squared_error,r_square,accuracy
32.964285714285715,-32.964285714285715,1430.7420634920634,-4.731358163047919,0.992063492063492
