abs_count_diff,count_diff,mean_squared_error,r_square,accuracy
30.871654928085555,-30.871654928085555,1224.3235942140436,-3.0687368123825847,0.0
