abs_count_diff,count_diff,mean_squared_error,r_square,accuracy
12.860347010548418,-12.860347010548418,347.37811415235836,-0.1544252904601322,0.0
