abs_count_diff,count_diff,mean_squared_error,mean_absolute_error,r_square,mean_absolute_percentage_error,accuracy
13.910714285714286,-13.910714285714286,399.18849206349205,15.771825396825397,-0.5990948200675279,26.12384230831413,1.5873015873015872
