abs_count_diff,count_diff,mean_squared_error,r_square,accuracy
13.910714285714286,-13.910714285714286,399.18849206349205,-0.5990948200675279,1.5873015873015872
