accuracy,mean_squared_error,mean_absolute_error,r_square,mean_absolute_percentage_error,pearson_r
0.015873015873015872,399.18849206349205,15.771825396825397,-0.5990948200675279,26.12384230831413,"(0.860001413243338, 8.738527965790737e-149)"
