abs_count_diff,count_diff,mean_squared_error,r_square,accuracy
33.267857142857146,-33.267857142857146,1238.9583333333333,-3.963098617576665,0.0
