,0,stitch_name,predicted_count,true_count,absolute_error
0,1,371788469,8.00574779510498,8,0.005747795104980469
5,6,371789469,7.116161346435548,8,0.8838386535644522
8,9,370787469,6.610598385334015,8,1.389401614665985
7,8,370788469,6.589802980422974,8,1.4101970195770264
1,2,370789469,10.005702078342438,8,2.0057020783424377
2,3,371787469,5.928589046001433,8,2.0714109539985666
4,5,369787469,24.207151114940643,8,16.207151114940643
3,4,369788469,25.633025467395786,8,17.633025467395786
6,7,369789469,27.524244248867035,8,19.524244248867035
