,0,stitch_name,predicted_count,true_count,absolute_error
3,4,388807488,66.40868782997131,83,16.591312170028687
6,7,388808488,66.10397362709045,83,16.896026372909546
4,5,388807487,65.68997073173523,83,17.31002926826477
5,6,390808487,64.63971361517906,83,18.360286384820938
0,1,390808488,64.18550336360931,83,18.814496636390686
1,2,390808489,64.15221005678177,83,18.84778994321823
2,3,389808488,62.501784086227424,83,20.498215913772576
