,0,stitch_name,predicted_count,true_count,absolute_error
8,9,394813494,75.17824131250381,81,5.821758687496185
0,1,396815495,73.21766501665115,81,7.782334983348846
4,5,396814493,72.13471040129663,81,8.86528959870337
2,3,394813493,71.83162462711334,81,9.168375372886658
6,7,396813494,68.7774196267128,81,12.222580373287201
3,4,395814493,98.27989554405212,81,17.279895544052124
5,6,395814495,100.12996274232864,81,19.129962742328644
1,2,395813495,100.38820952177048,81,19.388209521770477
7,8,395813493,103.13064879179001,81,22.13064879179001
