,0,stitch_name,predicted_count,true_count,absolute_error
0,1,400818498,85.52601850032806,83,2.526018500328064
3,4,399818498,89.00747054815292,83,6.007470548152924
2,3,398817499,93.6651246547699,83,10.665124654769897
1,2,399817498,118.49716532230377,83,35.49716532230377
