,0,stitch_name,predicted_count,true_count,absolute_error
0,1,411830511,58.899754017591476,60,1.1002459824085236
7,8,413831510,61.28335282206535,60,1.2833528220653534
3,4,411830510,62.34719944000244,60,2.3471994400024414
4,5,411831511,63.36751833558082,60,3.3675183355808187
1,2,412830511,68.62493944168091,60,8.624939441680908
6,7,413831512,70.07740011811256,60,10.077400118112564
2,3,412831511,72.33330270648004,60,12.33330270648004
5,6,412830510,75.24085566401482,60,15.240855664014816
