,0,stitch_name,predicted_count,true_count,absolute_error
4,5,415834515,74.37648439407349,74,0.37648439407348633
3,4,415834514,76.46744114905596,74,2.467441149055958
0,1,417835515,76.8705077767372,74,2.870507776737199
7,8,417835516,78.05812722444534,74,4.058127224445343
2,3,417836516,69.58276927471161,74,4.417230725288391
6,7,417834515,68.37796938419342,74,5.62203061580658
1,2,416834514,84.95443120598794,74,10.954431205987945
8,9,416834515,85.94162686169147,74,11.941626861691475
5,6,416835516,91.70964801311493,74,17.70964801311493
