,0,stitch_name,predicted_count,true_count,absolute_error
4,5,437856536,32.78361696004868,32,0.7836169600486826
3,4,439856537,38.285272419452674,32,6.285272419452674
1,2,437856538,43.167340695858,32,11.167340695858002
2,3,438856537,52.77769482135773,32,20.777694821357727
5,6,438857537,54.9999720454216,32,22.9999720454216
0,1,438857538,57.45125442743301,32,25.451254427433007
