,0,stitch_name,predicted_count,true_count,absolute_error
4,5,447865546,66.6863659620285,67,0.3136340379714966
3,4,447866545,65.75179675221443,67,1.2482032477855682
1,2,445865545,69.31211692094803,67,2.3121169209480286
2,3,447865547,64.19929307699203,67,2.800706923007965
5,6,447866546,63.13277012109757,67,3.867229878902428
8,9,447866547,62.97072583436966,67,4.029274165630341
7,8,446866547,75.6367855668068,67,8.636785566806793
6,7,446865545,78.9068126678467,67,11.906812667846694
0,1,446865546,80.74647998809814,67,13.746479988098145
