,0,stitch_name,predicted_count,true_count,absolute_error
2,3,453872552,46.80382364988327,48,1.1961763501167297
0,1,453871552,45.45647180080414,48,2.543528199195862
1,2,451870551,43.52737307548523,48,4.4726269245147705
3,4,451870550,43.45764321088791,48,4.542356789112091
