abs_count_diff,count_diff,mean_squared_error,mean_absolute_error,r_square,mean_absolute_percentage_error,accuracy
9.00058460683078,-9.00058460683078,174.2439596730274,10.82541529362326,0.4209432731613193,20.914933090382206,0.0
