abs_count_diff,count_diff,mean_squared_error,mean_absolute_error,r_square,mean_absolute_percentage_error,accuracy
21.97201084871721,-21.97201084871721,554.4835762422747,21.97201084871721,-0.8426890972127037,38.65882842526523,0.0
