,0,stitch_name,predicted_count,true_count,absolute_error
3,4,371789469,8.174193739891052,8,0.17419373989105225
2,3,371787469,7.591458141803741,8,0.40854185819625943
8,9,371788469,7.270612180233003,8,0.7293878197669974
6,7,369788469,11.735867083072662,8,3.7358670830726624
7,8,370787469,12.734499454498293,8,4.734499454498293
0,1,370788469,12.989551186561586,8,4.989551186561586
1,2,370789469,14.268206119537355,8,6.268206119537355
4,5,369787469,15.99262934923172,8,7.99262934923172
5,6,369789469,16.5365931391716,8,8.5365931391716
