,0,stitch_name,predicted_count,true_count,absolute_error
2,3,398817499,94.75400573015213,83,11.75400573015213
0,1,400818498,95.41589885950087,83,12.41589885950087
3,4,399818498,97.3335999250412,83,14.333599925041199
1,2,399817498,97.75493621826172,83,14.754936218261719
