,0,stitch_name,predicted_count,true_count,absolute_error
4,5,411831511,61.33728349208832,60,1.3372834920883179
3,4,411830510,58.329743921756744,60,1.6702560782432556
7,8,413831510,62.106479823589325,60,2.106479823589325
0,1,411830511,57.87290048599243,60,2.1270995140075684
6,7,413831512,64.84660875797272,60,4.846608757972717
5,6,412830510,66.24983114004135,60,6.249831140041351
1,2,412830511,67.50990277528763,60,7.509902775287628
2,3,412831511,71.7545444816351,60,11.754544481635094
