,0,stitch_name,predicted_count,true_count,absolute_error
1,2,413832512,76.8565273284912,68,8.856527328491197
3,4,414832514,86.7963719367981,68,18.796371936798096
2,3,414833514,87.02429807186127,68,19.024298071861267
0,1,414832513,89.04653656482697,68,21.046536564826965
