,0,stitch_name,predicted_count,true_count,absolute_error
0,1,419838518,83.52373874187471,84,0.47626125812529096
2,3,419838520,76.85268574953079,84,7.147314250469208
1,2,419838519,76.42434662580492,84,7.575653374195085
