,0,stitch_name,predicted_count,true_count,absolute_error
7,8,435855535,38.923302412033074,31,7.923302412033074
0,1,435855536,39.654702603816986,31,8.654702603816986
2,3,435854534,40.82571035623551,31,9.825710356235511
3,4,435854535,41.40856856107712,31,10.408568561077118
6,7,437855536,41.99453610181809,31,10.994536101818092
1,2,436854535,42.096081733703606,31,11.096081733703606
4,5,436855536,42.300873160362244,31,11.300873160362244
5,6,436854534,45.13993585109711,31,14.139935851097107
