,0,stitch_name,predicted_count,true_count,absolute_error
3,4,439856537,46.42118036746979,32,14.421180367469788
1,2,437856538,48.34888887405396,32,16.348888874053962
4,5,437856536,49.59174448251724,32,17.591744482517242
2,3,438856537,52.717968463897705,32,20.717968463897705
5,6,438857537,52.74858808517456,32,20.74858808517456
0,1,438857538,53.955850541591644,32,21.955850541591644
