,0,stitch_name,predicted_count,true_count,absolute_error
3,4,448866548,65.47403013706207,66,0.5259698629379272
1,2,449867547,64.94406771659851,66,1.0559322834014893
0,1,449867548,68.55443668365479,66,2.554436683654785
2,3,447866547,75.8062105178833,66,9.8062105178833
4,5,447867548,76.26257157325746,66,10.26257157325746
