,0,stitch_name,predicted_count,true_count,absolute_error
0,1,453871552,49.18270313739777,48,1.1827031373977732
3,4,451870550,50.8899222612381,48,2.889922261238098
1,2,451870551,51.42707151174545,48,3.427071511745453
2,3,453872552,52.36429876089096,48,4.364298760890961
