abs_count_diff,count_diff,mean_squared_error,r_square,accuracy
9.016682261800376,-9.016682261800376,148.2102364993561,0.5074599165884945,0.0
