abs_count_diff,count_diff,mean_squared_error,r_square,accuracy
10.55429010913663,-10.55429010913663,186.7096793808555,0.2520664120074205,1.5873015873015872
