abs_count_diff,count_diff,mean_squared_error,mean_absolute_error,r_square,mean_absolute_percentage_error,accuracy
15.952772073921972,-15.952772073921972,383.4394250513347,17.069815195071868,-0.5503331632864248,30.73117156090109,0.6160164271047228
