abs_count_diff,count_diff,mean_squared_error,r_square,accuracy
10.919329906204904,10.919329906204904,205.3735758120722,0.31749168916927917,2.5
