abs_count_diff,count_diff,mean_squared_error,r_square,accuracy
10.10752688172043,10.10752688172043,175.83512544802866,0.3726091211070608,0.0
