abs_count_diff,count_diff,mean_squared_error,r_square,accuracy
13.782643826051753,-13.782643826051753,298.46166412918393,0.008136439037639387,0.0
