abs_count_diff,count_diff,mean_squared_error,r_square,accuracy
15.952772073921972,-15.952772073921972,383.4394250513347,-0.5503331632864248,0.6160164271047228
