abs_count_diff,count_diff,mean_squared_error,mean_absolute_error,r_square,mean_absolute_percentage_error,accuracy
13.782643826051753,-13.782643826051753,298.46166412918393,15.511691445099373,0.008136439037639387,28.053003468809994,0.0
