accuracy,mean_squared_error,mean_absolute_error,r_square,mean_absolute_percentage_error,pearson_r
0.0,1469.4603174603174,35.98015873015873,-4.886458223780247,62.52919012595054,"(0.8763900002266088, 2.0795542434696104e-161)"
