abs_count_diff,count_diff,mean_squared_error,mean_absolute_error,r_square,mean_absolute_percentage_error,accuracy
35.976190476190474,-35.976190476190474,1469.4603174603174,35.98015873015873,-4.886458223780247,62.52919012595054,0.0
