abs_count_diff,count_diff,mean_squared_error,r_square,accuracy
35.976190476190474,-35.976190476190474,1469.4603174603174,-4.886458223780247,0.0
