abs_count_diff,count_diff,mean_squared_error,r_square,accuracy
34.23926990377837,-34.23926990377837,1326.70463224903,-3.4089748836829283,0.0
