abs_count_diff,count_diff,mean_squared_error,mean_absolute_error,r_square,mean_absolute_percentage_error,accuracy
33.267857142857146,-33.267857142857146,1238.9583333333333,33.367063492063494,-3.963098617576665,62.667551002301444,0.0
