abs_count_diff,count_diff,mean_squared_error,r_square,accuracy
31.773913604777572,-31.773913604777572,1144.434603790926,-2.80324550128253,0.0
