abs_count_diff,count_diff,mean_squared_error,mean_absolute_error,r_square,mean_absolute_percentage_error,accuracy
4.140873015873016,-4.140873015873016,74.45039682539682,6.875,0.7017618336138602,12.85935849701874,3.571428571428571
