abs_count_diff,count_diff,mean_squared_error,r_square,accuracy
20.97252174278549,-20.97252174278549,537.0760421346588,-0.7848394607512503,0.0
