abs_count_diff,count_diff,mean_squared_error,mean_absolute_error,r_square,mean_absolute_percentage_error,accuracy
22.08730158730159,-22.08730158730159,602.7698412698413,22.321428571428573,-1.4146140232775557,40.78554507244911,0.5952380952380952
