abs_count_diff,count_diff,mean_squared_error,mean_absolute_error,r_square,mean_absolute_percentage_error,accuracy
20.97252174278549,-20.97252174278549,537.0760421346588,21.301093171356918,-0.7848394607512503,39.72551059844943,0.0
