abs_count_diff,count_diff,mean_squared_error,r_square,accuracy
22.08730158730159,-22.08730158730159,602.7698412698413,-1.4146140232775557,0.5952380952380952
