,0,stitch_name,predicted_count,true_count,absolute_error
1,2,395813495,81.14663243293762,81,0.14663243293762207
3,4,395814493,80.2906163930893,81,0.7093836069107056
0,1,396815495,80.23546040058136,81,0.7645395994186401
5,6,395814495,79.15252828598021,81,1.8474717140197896
6,7,396813494,83.80296111106874,81,2.80296111106874
4,5,396814493,84.1468960046768,81,3.1468960046768046
8,9,394813494,77.74679434299469,81,3.25320565700531
7,8,395813493,88.30158984661102,81,7.301589846611023
2,3,394813493,73.22604930400848,81,7.773950695991516
