,0,stitch_name,predicted_count,true_count,absolute_error
4,5,411831511,62.41490799188614,60,2.414907991886139
5,6,412830510,63.22053611278534,60,3.2205361127853394
1,2,412830511,66.40511304140091,60,6.405113041400909
6,7,413831512,66.57216101884842,60,6.572161018848419
3,4,411830510,66.68695759773253,60,6.68695759773253
7,8,413831510,69.75424808263779,60,9.754248082637787
2,3,412831511,73.77800691127776,60,13.778006911277757
0,1,411830511,73.97479665279387,60,13.97479665279387
