,0,stitch_name,predicted_count,true_count,absolute_error
0,1,417835515,86.39254415035248,74,12.392544150352478
4,5,415834515,86.82035136222841,74,12.820351362228408
1,2,416834514,87.9361305832863,74,13.9361305832863
8,9,416834515,88.17772114276886,74,14.17772114276886
3,4,415834514,88.39645302295685,74,14.396453022956848
7,8,417835516,88.7025665640831,74,14.7025665640831
2,3,417836516,90.63305222988129,74,16.633052229881287
5,6,416835516,91.28974008560179,74,17.289740085601792
6,7,417834515,92.21695452928543,74,18.21695452928543
