,0,stitch_name,predicted_count,true_count,absolute_error
3,4,435854535,34.92877125740051,31,3.9287712574005127
0,1,435855536,36.462672472000115,31,5.462672472000115
7,8,435855535,37.91218161582947,31,6.912181615829468
1,2,436854535,37.99265706539154,31,6.9926570653915405
6,7,437855536,39.649219155311584,31,8.649219155311584
2,3,435854534,41.05346441268921,31,10.053464412689209
5,6,436854534,41.126412153244026,31,10.126412153244026
4,5,436855536,44.63654208183289,31,13.636542081832893
