,0,stitch_name,predicted_count,true_count,absolute_error
4,5,437856536,40.552217721939094,32,8.552217721939094
3,4,439856537,43.060316264629364,32,11.060316264629364
1,2,437856538,43.11830461025238,32,11.11830461025238
0,1,438857538,46.744040966033936,32,14.744040966033936
2,3,438856537,46.76049959659576,32,14.760499596595757
5,6,438857537,48.14060354232788,32,16.14060354232788
