abs_count_diff,count_diff,mean_squared_error,mean_absolute_error,r_square,mean_absolute_percentage_error,accuracy
12.737582991875353,-12.737582991875353,231.46926908565914,13.065566040575504,0.07276558177728665,23.386278606384987,1.5873015873015872
