abs_count_diff,count_diff,mean_squared_error,mean_absolute_error,r_square,mean_absolute_percentage_error,accuracy
38.017857142857146,-38.017857142857146,1785.2440476190477,38.029761904761905,-6.151444908511907,64.06981097729647,0.3968253968253968
