abs_count_diff,count_diff,mean_squared_error,r_square,accuracy
38.017857142857146,-38.017857142857146,1785.2440476190477,-6.151444908511907,0.3968253968253968
