abs_count_diff,count_diff,mean_squared_error,r_square,accuracy
36.01968146711913,-36.01968146711913,1615.8120688212873,-4.369751981726388,0.0
